Date,Henry,Algonquin Citygates,Chicago Citygates,TETCO-M3
2017-01-01,3.71,7.704310972551103,3.8141406460947853,3.8976804468854955
2017-01-02,3.71,7.704310972551103,3.8141406460947853,3.8976804468854955
2017-01-03,3.41,6.83723593366189,3.5069072065568774,3.4473473145047273
2017-01-04,3.42,6.866138434958196,3.5171483212081407,3.4623584189174195
2017-01-05,3.42,6.866138434958196,3.5171483212081407,3.4623584189174195
2017-01-06,3.38,6.7505284297729675,3.476183862603086,3.40231400126665
2017-01-07,3.3,6.519308419402509,3.3942549453929773,3.282225165965112
2017-01-08,3.22,6.288088409032054,3.3123260281828686,3.1621363306635737
2017-01-09,3.14,6.056868398661595,3.23039711097276,3.0420474953620356
2017-01-10,3.21,6.259185907735746,3.302084913531605,3.1471252262508815
2017-01-11,3.27,6.432600915513588,3.3635316014391865,3.2371918527270354
2017-01-12,3.36,6.692723427180353,3.455701633300559,3.3722917924412656
2017-01-13,3.36,6.692723427180353,3.455701633300559,3.3722917924412656
2017-01-14,3.36,6.692723427180353,3.455701633300559,3.3722917924412656
2017-01-15,3.36,6.692723427180353,3.455701633300559,3.3722917924412656
2017-01-16,3.36,6.692723427180353,3.455701633300559,3.3722917924412656
2017-01-17,3.37,6.721625928476661,3.4659427479518228,3.387302896853958
2017-01-18,3.26,6.40369841421728,3.3532904867879227,3.2221807483143423
2017-01-19,3.25,6.374795912920974,3.3430493721366594,3.20716964390165
2017-01-20,3.23,6.31699091032836,3.3225671428341323,3.177147435076266
2017-01-21,3.2066666666666666,6.249551740636977,3.2986712086478502,3.142121524779984
2017-01-22,3.1833333333333336,6.182112570945594,3.274775274461569,3.107095614483702
2017-01-23,3.16,6.114673401254211,3.250879340275287,3.07206970418742
2017-01-24,3.16,6.114673401254211,3.250879340275287,3.07206970418742
2017-01-25,3.26,6.40369841421728,3.3532904867879227,3.2221807483143423
2017-01-26,3.44,6.92394343755081,3.5376305505106678,3.492380627742804
2017-01-27,3.31,6.548210920698817,3.404496060044241,3.297236270377804
2017-01-28,3.2800000000000002,6.461503416809896,3.3737727160904503,3.2522029571397275
2017-01-29,3.25,6.374795912920974,3.3430493721366594,3.20716964390165
2017-01-30,3.22,6.288088409032054,3.3123260281828686,3.1621363306635737
2017-01-31,3.0,5.652233380513295,3.087021505855069,2.8318920335843427
2017-02-01,3.15,6.085770899957903,3.240638225624023,3.0570585997747277
2017-02-02,3.13,6.027965897365287,3.220155996321496,3.0270363909493425
2017-02-03,3.13,6.027965897365287,3.220155996321496,3.0270363909493425
2017-02-04,3.06,5.825648388291138,3.148468193762651,2.9219586600604974
2017-02-05,2.9899999999999998,5.623330879216987,3.076780391203805,2.8168809291716506
2017-02-06,2.92,5.421013370142837,3.00509258864496,2.7118031982828046
2017-02-07,3.03,5.738940884402216,3.11774484980886,2.87692534682242
2017-02-08,3.05,5.79674588699483,3.138227079111387,2.9069475556478044
2017-02-09,3.11,5.970160894772673,3.1996737670189686,2.997014182123958
2017-02-10,3.11,5.970160894772673,3.1996737670189686,2.997014182123958
2017-02-11,3.05,5.79674588699483,3.138227079111387,2.9069475556478044
2017-02-12,2.99,5.623330879216989,3.0767803912038056,2.8168809291716514
2017-02-13,2.93,5.449915871439145,3.015333703296224,2.7268143026954976
2017-02-14,2.85,5.218695861068688,2.933404786086115,2.6067254673939586
2017-02-15,2.95,5.507720874031759,3.0358159325987515,2.756836511520882
2017-02-16,2.88,5.305403364957608,2.9641281300399056,2.651758780632035
2017-02-17,2.75,4.929670848105616,2.830993639573479,2.456614423267036
2017-02-18,2.75,4.929670848105616,2.830993639573479,2.456614423267036
2017-02-19,2.75,4.929670848105616,2.830993639573479,2.456614423267036
2017-02-20,2.75,4.929670848105616,2.830993639573479,2.456614423267036
2017-02-21,2.56,4.38052332347578,2.6364124611994706,2.1714034394258825
2017-02-22,2.52,4.26491331829055,2.595448002594416,2.111359021775113
2017-02-23,2.63,4.5828408325499295,2.7081002637583156,2.276481170314728
2017-02-24,2.63,4.5828408325499295,2.7081002637583156,2.276481170314728
2017-02-25,2.5666666666666664,4.399791657673317,2.6432398709669793,2.1814108423676766
2017-02-26,2.5033333333333334,4.216742482796706,2.5783794781756435,2.086340514420626
2017-02-27,2.44,4.033693307920093,2.5135190853843072,1.9912701864735745
2017-02-28,2.54,4.322718320883165,2.615930231896943,2.141381230600498
2017-03-01,2.54,4.322718320883165,2.615930231896943,2.141381230600498
2017-03-02,2.59,4.4672308273647,2.667135805153261,2.216436752663959
2017-03-03,2.5,4.207108315697936,2.574965773291889,2.0813368129497287
2017-03-04,2.56,4.38052332347578,2.6364124611994706,2.1714034394258825
2017-03-05,2.62,4.553938331253622,2.6978591491070523,2.2614700659020364
2017-03-06,2.68,4.727353339031466,2.759305837014634,2.35153669237819
2017-03-07,2.68,4.727353339031466,2.759305837014634,2.35153669237819
2017-03-08,2.59,4.4672308273647,2.667135805153261,2.216436752663959
2017-03-09,2.83,5.1608908584760735,2.912922556783588,2.5767032585685743
2017-03-10,2.98,5.594428377920681,3.066539276552542,2.8018698247589584
2017-03-11,3.0,5.652233380513295,3.087021505855069,2.8318920335843427
2017-03-12,3.02,5.71003838310591,3.1075037351575965,2.861914242409728
2017-03-13,3.04,5.767843385698524,3.1279859644601236,2.8919364512351122
2017-03-14,3.02,5.71003838310591,3.1075037351575965,2.861914242409728
2017-03-15,3.02,5.71003838310591,3.1075037351575965,2.861914242409728
2017-03-16,2.84,5.18979335977238,2.9231636714348515,2.5917143629812665
2017-03-17,2.85,5.218695861068688,2.933404786086115,2.6067254673939586
2017-03-18,2.876666666666667,5.295769197858841,2.9607144251561515,2.6467550791611383
2017-03-19,2.9033333333333333,5.372842534648993,2.9880240642261877,2.686784690928318
2017-03-20,2.93,5.449915871439145,3.015333703296224,2.7268143026954976
2017-03-21,3.09,5.9123558921800585,3.1791915377164415,2.966991973298574
2017-03-22,3.02,5.71003838310591,3.1075037351575965,2.861914242409728
2017-03-23,2.93,5.449915871439145,3.015333703296224,2.7268143026954976
2017-03-24,2.97,5.565525876624373,3.0562981619012786,2.7868587203462662
2017-03-25,2.96,5.536623375328067,3.046057047250015,2.771847615933574
2017-03-26,2.95,5.507720874031759,3.0358159325987515,2.756836511520882
2017-03-27,2.94,5.478818372735451,3.0255748179474873,2.741825407108189
2017-03-28,2.95,5.507720874031759,3.0358159325987515,2.756836511520882
2017-03-29,3.03,5.738940884402216,3.11774484980886,2.87692534682242
2017-03-30,3.08,5.883453390883752,3.168950423065178,2.9519808688858817
2017-03-31,3.13,6.027965897365287,3.220155996321496,3.0270363909493425
2017-04-01,3.13,6.027965897365287,3.220155996321496,3.0270363909493425
2017-04-02,3.13,6.027965897365287,3.220155996321496,3.0270363909493425
2017-04-03,3.13,6.027965897365287,3.220155996321496,3.0270363909493425
2017-04-04,3.06,5.825648388291138,3.148468193762651,2.9219586600604974
2017-04-05,3.22,6.288088409032054,3.3123260281828686,3.1621363306635737
2017-04-06,3.23,6.31699091032836,3.3225671428341323,3.177147435076266
2017-04-07,3.23,6.31699091032836,3.3225671428341323,3.177147435076266
2017-04-08,3.203333333333333,6.239917573538206,3.2952575037640957,3.137117823309086
2017-04-09,3.1766666666666667,6.162844236748055,3.26794786469406,3.0970882115419074
2017-04-10,3.15,6.085770899957903,3.240638225624023,3.0570585997747277
2017-04-11,3.11,5.970160894772673,3.1996737670189686,2.997014182123958
2017-04-12,2.97,5.565525876624373,3.0562981619012786,2.7868587203462662
2017-04-13,3.0,5.652233380513295,3.087021505855069,2.8318920335843427
2017-04-14,3.0,5.652233380513295,3.087021505855069,2.8318920335843427
2017-04-15,3.03,5.738940884402216,3.11774484980886,2.87692534682242
2017-04-16,3.06,5.825648388291138,3.148468193762651,2.9219586600604974
2017-04-17,3.09,5.9123558921800585,3.1791915377164415,2.966991973298574
2017-04-18,3.11,5.970160894772673,3.1996737670189686,2.997014182123958
2017-04-19,3.11,5.970160894772673,3.1996737670189686,2.997014182123958
2017-04-20,3.13,6.027965897365287,3.220155996321496,3.0270363909493425
2017-04-21,3.06,5.825648388291138,3.148468193762651,2.9219586600604974
2017-04-22,3.06,5.825648388291138,3.148468193762651,2.9219586600604974
2017-04-23,3.06,5.825648388291138,3.148468193762651,2.9219586600604974
2017-04-24,3.06,5.825648388291138,3.148468193762651,2.9219586600604974
2017-04-25,2.99,5.623330879216989,3.0767803912038056,2.8168809291716514
2017-04-26,3.06,5.825648388291138,3.148468193762651,2.9219586600604974
2017-04-27,3.13,6.027965897365287,3.220155996321496,3.0270363909493425
2017-04-28,3.2,6.2302834064394395,3.2918437988803415,3.1321141218381894
2017-04-29,3.2,6.2302834064394395,3.2918437988803415,3.1321141218381894
2017-04-30,3.2,6.2302834064394395,3.2918437988803415,3.1321141218381894
2017-05-01,3.2,6.2302834064394395,3.2918437988803415,3.1321141218381894
2017-05-02,3.13,6.027965897365287,3.220155996321496,3.0270363909493425
2017-05-03,3.14,6.056868398661595,3.23039711097276,3.0420474953620356
2017-05-04,3.11,5.970160894772673,3.1996737670189686,2.997014182123958
2017-05-05,3.1,5.9412583934763665,3.1894326523677052,2.982003077711266
2017-05-06,3.086666666666667,5.902721725081292,3.1757778328326873,2.961988271827677
2017-05-07,3.0733333333333333,5.864185056686215,3.162123013297669,2.9419734659440864
2017-05-08,3.06,5.825648388291138,3.148468193762651,2.9219586600604974
2017-05-09,3.03,5.738940884402216,3.11774484980886,2.87692534682242
2017-05-10,3.03,5.738940884402216,3.11774484980886,2.87692534682242
2017-05-11,3.23,6.31699091032836,3.3225671428341323,3.177147435076266
2017-05-12,3.24,6.345893411624668,3.332808257485396,3.192158539488959
2017-05-13,3.2466666666666666,6.365161745822205,3.339635667252905,3.2021659424307534
2017-05-14,3.2533333333333334,6.384430080019743,3.346463077020414,3.212173345372548
2017-05-15,3.26,6.40369841421728,3.3532904867879227,3.2221807483143423
2017-05-16,3.27,6.432600915513588,3.3635316014391865,3.2371918527270354
2017-05-17,3.27,6.432600915513588,3.3635316014391865,3.2371918527270354
2017-05-18,3.13,6.027965897365287,3.220155996321496,3.0270363909493425
2017-05-19,3.11,5.970160894772673,3.1996737670189686,2.997014182123958
2017-05-20,3.1533333333333333,6.095405067056672,3.2440519305077777,3.0620623012456254
2017-05-21,3.1966666666666668,6.220649239340669,3.288430093996587,3.1271104203672917
2017-05-22,3.24,6.345893411624668,3.332808257485396,3.192158539488959
2017-05-23,3.22,6.288088409032054,3.3123260281828686,3.1621363306635737
2017-05-24,3.22,6.288088409032054,3.3123260281828686,3.1621363306635737
2017-05-25,3.1,5.9412583934763665,3.1894326523677052,2.982003077711266
2017-05-26,3.1,5.9412583934763665,3.1894326523677052,2.982003077711266
2017-05-27,3.1,5.9412583934763665,3.1894326523677052,2.982003077711266
2017-05-28,3.1,5.9412583934763665,3.1894326523677052,2.982003077711266
2017-05-29,3.1,5.9412583934763665,3.1894326523677052,2.982003077711266
2017-05-30,3.1,5.9412583934763665,3.1894326523677052,2.982003077711266
2017-05-31,3.05,5.79674588699483,3.138227079111387,2.9069475556478044
2017-06-01,3.05,5.79674588699483,3.138227079111387,2.9069475556478044
2017-06-02,2.85,5.218695861068688,2.933404786086115,2.6067254673939586
2017-06-03,2.8733333333333335,5.286135030760071,2.957300720272397,2.6417513776902415
2017-06-04,2.8966666666666665,5.353574200451454,2.9811966544586785,2.6767772879865226
2017-06-05,2.92,5.421013370142837,3.00509258864496,2.7118031982828046
2017-06-06,2.92,5.421013370142837,3.00509258864496,2.7118031982828046
2017-06-07,3.06,5.825648388291138,3.148468193762651,2.9219586600604974
2017-06-08,2.98,5.594428377920681,3.066539276552542,2.8018698247589584
2017-06-09,3.03,5.738940884402216,3.11774484980886,2.87692534682242
2017-06-10,3.06,5.825648388291138,3.148468193762651,2.9219586600604974
2017-06-11,3.09,5.9123558921800585,3.1791915377164415,2.966991973298574
2017-06-12,3.12,5.999063396068981,3.2099148816702328,3.0120252865366512
2017-06-13,3.12,5.999063396068981,3.2099148816702328,3.0120252865366512
2017-06-14,2.95,5.507720874031759,3.0358159325987515,2.756836511520882
2017-06-15,2.94,5.478818372735451,3.0255748179474873,2.741825407108189
2017-06-16,3.01,5.681135881809602,3.0972626205063327,2.846903137997035
2017-06-17,2.9633333333333334,5.546257542426836,3.0494707521337694,2.7768513174044718
2017-06-18,2.9166666666666665,5.411379203044068,3.0016788837612056,2.706799496811907
2017-06-19,2.87,5.276500863661302,2.9538870153886423,2.636747676219344
2017-06-20,2.91,5.3921108688465305,2.994851473993697,2.6967920938701124
2017-06-21,2.91,5.3921108688465305,2.994851473993697,2.6967920938701124
2017-06-22,2.88,5.305403364957608,2.9641281300399056,2.651758780632035
2017-06-23,2.89,5.334305866253916,2.97436924469117,2.666769885044728
2017-06-24,2.92,5.421013370142837,3.00509258864496,2.7118031982828046
2017-06-25,2.95,5.507720874031759,3.0358159325987515,2.756836511520882
2017-06-26,2.98,5.594428377920681,3.066539276552542,2.8018698247589584
2017-06-27,2.99,5.623330879216989,3.0767803912038056,2.8168809291716514
2017-06-28,3.03,5.738940884402216,3.11774484980886,2.87692534682242
2017-06-29,3.07,5.854550889587444,3.1587093084139144,2.9369697644731887
2017-06-30,2.98,5.594428377920681,3.066539276552542,2.8018698247589584
2017-07-01,2.98,5.594428377920681,3.066539276552542,2.8018698247589584
2017-07-02,2.98,5.594428377920681,3.066539276552542,2.8018698247589584
2017-07-03,2.98,5.594428377920681,3.066539276552542,2.8018698247589584
2017-07-04,2.98,5.594428377920681,3.066539276552542,2.8018698247589584
2017-07-05,2.98,5.594428377920681,3.066539276552542,2.8018698247589584
2017-07-06,2.89,5.334305866253916,2.97436924469117,2.666769885044728
2017-07-07,2.91,5.3921108688465305,2.994851473993697,2.6967920938701124
2017-07-08,2.9133333333333336,5.401745035945299,2.9982651788774515,2.70179579534101
2017-07-09,2.9166666666666665,5.411379203044068,3.0016788837612056,2.706799496811907
2017-07-10,2.92,5.421013370142837,3.00509258864496,2.7118031982828046
2017-07-11,2.98,5.594428377920681,3.066539276552542,2.8018698247589584
2017-07-12,3.01,5.681135881809602,3.0972626205063327,2.846903137997035
2017-07-13,2.96,5.536623375328067,3.046057047250015,2.771847615933574
2017-07-14,2.94,5.478818372735451,3.0255748179474873,2.741825407108189
2017-07-15,2.973333333333333,5.575160043723142,3.0597118667850327,2.791862421817163
2017-07-16,3.006666666666667,5.671501714710833,3.0938489156225786,2.841899436526138
2017-07-17,3.04,5.767843385698524,3.1279859644601236,2.8919364512351122
2017-07-18,3.11,5.970160894772673,3.1996737670189686,2.997014182123958
2017-07-19,3.11,5.970160894772673,3.1996737670189686,2.997014182123958
2017-07-20,3.12,5.999063396068981,3.2099148816702328,3.0120252865366512
2017-07-21,3.06,5.825648388291138,3.148468193762651,2.9219586600604974
2017-07-22,3.0366666666666666,5.758209218599755,3.124572259576369,2.8869327497642145
2017-07-23,3.0133333333333336,5.690770048908372,3.1006763253900878,2.8519068394679334
2017-07-24,2.99,5.623330879216989,3.0767803912038056,2.8168809291716514
2017-07-25,2.99,5.623330879216989,3.0767803912038056,2.8168809291716514
2017-07-26,2.92,5.421013370142837,3.00509258864496,2.7118031982828046
2017-07-27,2.95,5.507720874031759,3.0358159325987515,2.756836511520882
2017-07-28,2.96,5.536623375328067,3.046057047250015,2.771847615933574
2017-07-29,2.93,5.449915871439145,3.015333703296224,2.7268143026954976
2017-07-30,2.9,5.3632083675502225,2.984610359342433,2.6817809894574203
2017-07-31,2.87,5.276500863661302,2.9538870153886423,2.636747676219344
2017-08-01,2.8,5.074183354587151,2.882199212829797,2.531669945330497
2017-08-02,2.8,5.074183354587151,2.882199212829797,2.531669945330497
2017-08-03,2.76,4.958573349401922,2.8412347542247423,2.4716255276797274
2017-08-04,2.76,4.958573349401922,2.8412347542247423,2.4716255276797274
2017-08-05,2.773333333333333,4.997110017796998,2.8548895737597606,2.4916403335633173
2017-08-06,2.7866666666666666,5.035646686192075,2.868544393294779,2.511655139446907
2017-08-07,2.8,5.074183354587151,2.882199212829797,2.531669945330497
2017-08-08,2.81,5.103085855883459,2.8924403274810606,2.54668104974319
2017-08-09,2.81,5.103085855883459,2.8924403274810606,2.54668104974319
2017-08-10,2.89,5.334305866253916,2.97436924469117,2.666769885044728
2017-08-11,2.96,5.536623375328067,3.046057047250015,2.771847615933574
2017-08-12,2.98,5.594428377920681,3.066539276552542,2.8018698247589584
2017-08-13,3.0,5.652233380513295,3.087021505855069,2.8318920335843427
2017-08-14,3.02,5.71003838310591,3.1075037351575965,2.861914242409728
2017-08-15,2.96,5.536623375328067,3.046057047250015,2.771847615933574
2017-08-16,2.94,5.478818372735451,3.0255748179474873,2.741825407108189
2017-08-17,2.91,5.3921108688465305,2.994851473993697,2.6967920938701124
2017-08-18,2.9,5.3632083675502225,2.984610359342433,2.6817809894574203
2017-08-19,2.933333333333333,5.459550038537913,3.018747408179978,2.7318180041663944
2017-08-20,2.966666666666667,5.555891709525604,3.052884457017524,2.7818550188753695
2017-08-21,3.0,5.652233380513295,3.087021505855069,2.8318920335843427
2017-08-22,3.0,5.652233380513295,3.087021505855069,2.8318920335843427
2017-08-23,2.94,5.478818372735451,3.0255748179474873,2.741825407108189
2017-08-24,2.97,5.565525876624373,3.0562981619012786,2.7868587203462662
2017-08-25,2.93,5.449915871439145,3.015333703296224,2.7268143026954976
2017-08-26,2.936666666666667,5.469184205636684,3.022161113063733,2.736821705637292
2017-08-27,2.9433333333333334,5.488452539834221,3.0289885228312423,2.7468291085790866
2017-08-28,2.95,5.507720874031759,3.0358159325987515,2.756836511520882
2017-08-29,2.95,5.507720874031759,3.0358159325987515,2.756836511520882
2017-08-30,2.95,5.507720874031759,3.0358159325987515,2.756836511520882
2017-08-31,2.92,5.421013370142837,3.00509258864496,2.7118031982828046
2017-09-01,2.88,5.305403364957608,2.9641281300399056,2.651758780632035
2017-09-02,2.88,5.305403364957608,2.9641281300399056,2.651758780632035
2017-09-03,2.88,5.305403364957608,2.9641281300399056,2.651758780632035
2017-09-04,2.88,5.305403364957608,2.9641281300399056,2.651758780632035
2017-09-05,2.88,5.305403364957608,2.9641281300399056,2.651758780632035
2017-09-06,2.98,5.594428377920681,3.066539276552542,2.8018698247589584
2017-09-07,2.92,5.421013370142837,3.00509258864496,2.7118031982828046
2017-09-08,2.88,5.305403364957608,2.9641281300399056,2.651758780632035
2017-09-09,2.88,5.305403364957608,2.9641281300399056,2.651758780632035
2017-09-10,2.88,5.305403364957608,2.9641281300399056,2.651758780632035
2017-09-11,2.88,5.305403364957608,2.9641281300399056,2.651758780632035
2017-09-12,2.88,5.305403364957608,2.9641281300399056,2.651758780632035
2017-09-13,3.02,5.71003838310591,3.1075037351575965,2.861914242409728
2017-09-14,3.03,5.738940884402216,3.11774484980886,2.87692534682242
2017-09-15,3.0,5.652233380513295,3.087021505855069,2.8318920335843427
2017-09-16,3.0366666666666666,5.758209218599755,3.124572259576369,2.8869327497642145
2017-09-17,3.0733333333333333,5.864185056686215,3.162123013297669,2.9419734659440864
2017-09-18,3.11,5.970160894772673,3.1996737670189686,2.997014182123958
2017-09-19,3.18,6.172478403846825,3.2713615695778144,3.102091913012805
2017-09-20,3.13,6.027965897365287,3.220155996321496,3.0270363909493425
2017-09-21,3.11,5.970160894772673,3.1996737670189686,2.997014182123958
2017-09-22,2.93,5.449915871439145,3.015333703296224,2.7268143026954976
2017-09-23,2.94,5.478818372735451,3.0255748179474873,2.741825407108189
2017-09-24,2.95,5.507720874031759,3.0358159325987515,2.756836511520882
2017-09-25,2.96,5.536623375328067,3.046057047250015,2.771847615933574
2017-09-26,2.96,5.536623375328067,3.046057047250015,2.771847615933574
2017-09-27,2.98,5.594428377920681,3.066539276552542,2.8018698247589584
2017-09-28,2.96,5.536623375328067,3.046057047250015,2.771847615933574
2017-09-29,2.94,5.478818372735451,3.0255748179474873,2.741825407108189
2017-09-30,2.94,5.478818372735451,3.0255748179474873,2.741825407108189
2017-10-01,2.94,5.478818372735451,3.0255748179474873,2.741825407108189
2017-10-02,2.94,5.478818372735451,3.0255748179474873,2.741825407108189
2017-10-03,2.73,4.8718658455130015,2.810511410270952,2.426592214441651
2017-10-04,2.8,5.074183354587151,2.882199212829797,2.531669945330497
2017-10-05,2.8,5.074183354587151,2.882199212829797,2.531669945330497
2017-10-06,2.93,5.449915871439145,3.015333703296224,2.7268143026954976
2017-10-07,2.91,5.3921108688465305,2.994851473993697,2.6967920938701124
2017-10-08,2.89,5.334305866253916,2.97436924469117,2.666769885044728
2017-10-09,2.87,5.276500863661302,2.9538870153886423,2.636747676219344
2017-10-10,2.89,5.334305866253916,2.97436924469117,2.666769885044728
2017-10-11,2.89,5.334305866253916,2.97436924469117,2.666769885044728
2017-10-12,2.95,5.507720874031759,3.0358159325987515,2.756836511520882
2017-10-13,2.99,5.623330879216989,3.0767803912038056,2.8168809291716514
2017-10-14,2.95,5.507720874031759,3.0358159325987515,2.756836511520882
2017-10-15,2.91,5.3921108688465305,2.994851473993697,2.6967920938701124
2017-10-16,2.87,5.276500863661302,2.9538870153886423,2.636747676219344
2017-10-17,2.88,5.305403364957608,2.9641281300399056,2.651758780632035
2017-10-18,2.81,5.103085855883459,2.8924403274810606,2.54668104974319
2017-10-19,2.83,5.1608908584760735,2.912922556783588,2.5767032585685743
2017-10-20,2.8,5.074183354587151,2.882199212829797,2.531669945330497
2017-10-21,2.85,5.218695861068688,2.933404786086115,2.6067254673939586
2017-10-22,2.9,5.3632083675502225,2.984610359342433,2.6817809894574203
2017-10-23,2.95,5.507720874031759,3.0358159325987515,2.756836511520882
2017-10-24,2.95,5.507720874031759,3.0358159325987515,2.756836511520882
2017-10-25,2.98,5.594428377920681,3.066539276552542,2.8018698247589584
2017-10-26,2.91,5.3921108688465305,2.994851473993697,2.6967920938701124
2017-10-27,2.78,5.016378351994537,2.8617169835272698,2.5016477365051126
2017-10-28,2.833333333333333,5.1705250255748405,2.9163362616673423,2.581706960039471
2017-10-29,2.8866666666666667,5.3246716991551475,2.9709555398074152,2.6617661835738304
2017-10-30,2.94,5.478818372735451,3.0255748179474873,2.741825407108189
2017-10-31,2.84,5.18979335977238,2.9231636714348515,2.5917143629812665
2017-11-01,2.68,4.727353339031466,2.759305837014634,2.35153669237819
2017-11-02,2.68,4.727353339031466,2.759305837014634,2.35153669237819
2017-11-03,2.75,4.929670848105616,2.830993639573479,2.456614423267036
2017-11-04,2.8366666666666664,5.180159192673611,2.919749966551097,2.5867106615103688
2017-11-05,2.9233333333333333,5.430647537241607,3.008506293528715,2.7168068997537023
2017-11-06,3.01,5.681135881809602,3.0972626205063327,2.846903137997035
2017-11-07,3.07,5.854550889587444,3.1587093084139144,2.9369697644731887
2017-11-08,3.16,6.114673401254211,3.250879340275287,3.07206970418742
2017-11-09,3.18,6.172478403846825,3.2713615695778144,3.102091913012805
2017-11-10,3.17,6.143575902550517,3.2611204549265502,3.087080808600112
2017-11-11,3.1566666666666667,6.1050392341554405,3.2474656353915323,3.067066002716522
2017-11-12,3.143333333333333,6.066502565760364,3.233810815856514,3.0470511968329324
2017-11-13,3.13,6.027965897365287,3.220155996321496,3.0270363909493425
2017-11-14,3.06,5.825648388291138,3.148468193762651,2.9219586600604974
2017-11-15,3.16,6.114673401254211,3.250879340275287,3.07206970418742
2017-11-16,3.09,5.9123558921800585,3.1791915377164415,2.966991973298574
2017-11-17,3.04,5.767843385698524,3.1279859644601236,2.8919364512351122
2017-11-18,3.04,5.767843385698524,3.1279859644601236,2.8919364512351122
2017-11-19,3.04,5.767843385698524,3.1279859644601236,2.8919364512351122
2017-11-20,3.04,5.767843385698524,3.1279859644601236,2.8919364512351122
2017-11-21,3.05,5.79674588699483,3.138227079111387,2.9069475556478044
2017-11-22,3.05,5.79674588699483,3.138227079111387,2.9069475556478044
2017-11-23,3.05,5.79674588699483,3.138227079111387,2.9069475556478044
2017-11-24,3.05,5.79674588699483,3.138227079111387,2.9069475556478044
2017-11-25,2.993333333333333,5.632965046315756,3.08019409608756,2.8218846306425482
2017-11-26,2.9366666666666665,5.469184205636682,3.0221611130637327,2.736821705637292
2017-11-27,2.88,5.305403364957608,2.9641281300399056,2.651758780632035
2017-11-28,2.88,5.305403364957608,2.9641281300399056,2.651758780632035
2017-11-29,3.06,5.825648388291138,3.148468193762651,2.9219586600604974
2017-11-30,3.06,5.825648388291138,3.148468193762651,2.9219586600604974
2017-12-01,2.84,5.18979335977238,2.9231636714348515,2.5917143629812665
2017-12-02,2.8633333333333333,5.257232529463763,2.947059605621133,2.6267402732775484
2017-12-03,2.8866666666666667,5.3246716991551475,2.9709555398074152,2.6617661835738304
2017-12-04,2.91,5.3921108688465305,2.994851473993697,2.6967920938701124
2017-12-05,2.86,5.247598362364994,2.9436459007373785,2.6217365718066508
2017-12-06,2.86,5.247598362364994,2.9436459007373785,2.6217365718066508
2017-12-07,2.81,5.103085855883459,2.8924403274810606,2.54668104974319
2017-12-08,2.78,5.016378351994537,2.8617169835272698,2.5016477365051126
2017-12-09,2.79,5.045280853290845,2.8719580981785335,2.516658840917805
2017-12-10,2.8,5.074183354587151,2.882199212829797,2.531669945330497
2017-12-11,2.81,5.103085855883459,2.8924403274810606,2.54668104974319
2017-12-12,2.87,5.276500863661302,2.9538870153886423,2.636747676219344
2017-12-13,2.87,5.276500863661302,2.9538870153886423,2.636747676219344
2017-12-14,2.69,4.756255840327772,2.7695469516658973,2.3665477967908823
2017-12-15,2.6,4.496133328661008,2.677376919804525,2.2314478570766516
2017-12-16,2.6366666666666667,4.602109166747468,2.7149276735258248,2.2864885732565234
2017-12-17,2.6733333333333333,4.708085004833928,2.7524784272471248,2.341529289436395
2017-12-18,2.71,4.814060842920386,2.7900291809684243,2.3965700056162667
2017-12-19,2.75,4.929670848105616,2.830993639573479,2.456614423267036
2017-12-20,2.72,4.842963344216694,2.8002702956196885,2.411581110028959
2017-12-21,2.64,4.6117433338462375,2.7183413784095793,2.2914922747274207
2017-12-22,2.63,4.5828408325499295,2.7081002637583156,2.276481170314728
2017-12-23,2.6425,4.618968959170314,2.720901657072395,2.295245050830594
2017-12-24,2.6550000000000002,4.655097085790699,2.7337030503864748,2.3140089313464594
2017-12-25,2.6675,4.691225212411082,2.7465044437005544,2.3327728118623248
2017-12-26,2.68,4.727353339031466,2.759305837014634,2.35153669237819
2017-12-27,2.76,4.958573349401922,2.8412347542247423,2.4716255276797274
2017-12-28,2.97,5.565525876624373,3.0562981619012786,2.7868587203462662
2017-12-29,3.69,7.646505969958489,3.7936584167922582,3.867658238060111
2017-12-30,3.69,7.646505969958489,3.7936584167922582,3.867658238060111
2017-12-31,3.69,7.646505969958489,3.7936584167922582,3.867658238060111
